{"cameraMode":{"drawMode":0,"name":"Shaded","section":"Shading Mode"},"sceneLighting":true,"audioPlay":false,"sceneViewState":{"m_AlwaysRefresh":false,"showFog":true,"showSkybox":true,"showFlares":true,"showImageEffects":true,"showParticleSystems":true,"showVisualEffectGraphs":true,"m_FxEnabled":true},"in2DMode":false,"pivot":{"x":3.3378148078918459,"y":-7.0034308433532719,"z":194.673095703125},"rotation":{"x":-0.02549724467098713,"y":-0.004490036983042955,"z":0.00008645743218949065,"w":-0.9997059106826782},"size":97.94528198242188,"orthographic":false}